UF,MUNICIPIO ,CNES,NOME ,NATUREZA,GESTÃO,ATENDE SUS
GO,GOIANIA,7966229,AEROMEDICO ASA ROTATIVA 01,ADMINISTRAÇÃO PÚBLICA,M,SIM
GO,GOIANIA,2339587,AMBULATORIO MUNICIPAL DE PSIQUIATRIA,ADMINISTRAÇÃO PÚBLICA,M,SIM
GO,GOIANIA,5684145,AMBULATORIO TRANSVIVER,ADMINISTRAÇÃO PÚBLICA,M,SIM
GO,GOIANIA,2339447,CAIS BAIRRO GOIA,ADMINISTRAÇÃO PÚBLICA,M,SIM
GO,GOIANIA,2339501,CAIS CAMPINAS,ADMINISTRAÇÃO PÚBLICA,M,SIM
GO,GOIANIA,2626691,CAIS CANDIDA DE MORAIS,ADMINISTRAÇÃO PÚBLICA,M,SIM
GO,GOIANIA,9872965,CAIS FINSOCIAL,ADMINISTRAÇÃO PÚBLICA,M,SIM
GO,GOIANIA,2506688,CAIS JARDIM CURITIBA,ADMINISTRAÇÃO PÚBLICA,M,SIM
GO,GOIANIA,2339323,CAIS PARQUE DAS AMENDOEIRAS,ADMINISTRAÇÃO PÚBLICA,M,SIM
GO,GOIANIA,2506327,CAIS VILA NOVA,ADMINISTRAÇÃO PÚBLICA,M,SIM
GO,GOIANIA,7600437,CAPS AD III IPE,ADMINISTRAÇÃO PÚBLICA,M,SIM
GO,GOIANIA,466174,CAPS AD OESTE,ADMINISTRAÇÃO PÚBLICA,M,SIM
GO,GOIANIA,7340354,CAPS AD3 NOROESTE,ADMINISTRAÇÃO PÚBLICA,M,SIM
GO,GOIANIA,3049604,CAPS BEIJA FLOR,ADMINISTRAÇÃO PÚBLICA,M,SIM
GO,GOIANIA,241997,CAPS LIBERDADE,ADMINISTRAÇÃO PÚBLICA,M,SIM
GO,GOIANIA,9228764,CASA DE SAUDE INDIGENA DE GOIANIA,ADMINISTRAÇÃO PÚBLICA,M,NÃO
GO,GOIANIA,7599676,CENTRAL DE ABASTECIMENTO FARMACEUTICO DE GOIAS,ADMINISTRAÇÃO PÚBLICA,E,SIM
GO,GOIANIA,6940455,CENTRAL DE REGULACAO MEDICA DE URGENCIAS DE GOIANIA SAMU,ADMINISTRAÇÃO PÚBLICA,M,SIM
GO,GOIANIA,132519,CENTRAL ESTADUAL DE REDE DE FRIO DE GOIAS,ADMINISTRAÇÃO PÚBLICA,E,SIM
GO,GOIANIA,8005605,CENTRAL ESTADUAL DE REGULACAO DE ALTA COMPLEXIDADE TFD,ADMINISTRAÇÃO PÚBLICA,E,SIM
GO,GOIANIA,7945043,CENTRAL ESTADUAL DE TRANSPLANTES DE GOIAS,ADMINISTRAÇÃO PÚBLICA,E,SIM
GO,GOIANIA,113778,CENTRAL REGIONAL DE REDE DE FRIO CENTRAL,ADMINISTRAÇÃO PÚBLICA,E,SIM
GO,GOIANIA,113727,CENTRAL REGIONAL DE REDE DE FRIO CENTRO SUL,ADMINISTRAÇÃO PÚBLICA,E,SIM
GO,GOIANIA,9138625,CENTRO ATEN PROLONGADA CASA APOIO COND SOLIDARIEDADE CEAPSOL,ADMINISTRAÇÃO PÚBLICA,E,SIM
GO,GOIANIA,3359662,CENTRO DE ATENCAO A SAUDE DE ALCOOLISTAS E TOXIC CAPSAD,ADMINISTRAÇÃO PÚBLICA,M,SIM
GO,GOIANIA,2339498,CENTRO DE ATENCAO PSICOSSOCIAL AGUA VIVA,ADMINISTRAÇÃO PÚBLICA,M,SIM
GO,GOIANIA,2659719,CENTRO DE ATENCAO PSICOSSOCIAL ESPERANCA,ADMINISTRAÇÃO PÚBLICA,M,SIM
GO,GOIANIA,3024504,CENTRO DE ATENCAO PSICOSSOCIAL GIRASSOL,ADMINISTRAÇÃO PÚBLICA,M,SIM
GO,GOIANIA,2626713,CENTRO DE ATENCAO PSICOSSOCIAL NOVO MUNDO,ADMINISTRAÇÃO PÚBLICA,M,SIM
GO,GOIANIA,3024490,CENTRO DE ATENCAO PSICOSSOCIAL VIDA,ADMINISTRAÇÃO PÚBLICA,M,SIM
GO,GOIANIA,8145717,CENTRO DE CONVIVENCIA E CULTURA CUCA FRESCA,ADMINISTRAÇÃO PÚBLICA,M,SIM
GO,GOIANIA,4319109,CENTRO DE GENETICA HUMANA CEGH ICB,ADMINISTRAÇÃO PÚBLICA,E,SIM
GO,GOIANIA,154644,CENTRO DE INFORMACAO E ASSISTENCIA TOXICOLOGICA CIATOX,ADMINISTRAÇÃO PÚBLICA,E,SIM
GO,GOIANIA,5882214,CENTRO DE REFERENCIA EM ATENCAO A SAUDE DA PESSOA IDOSA,ADMINISTRAÇÃO PÚBLICA,M,SIM
GO,GOIANIA,2339242,CENTRO DE REFERENCIA EM DIAGNOSTICO E TERAPEUTICA,ADMINISTRAÇÃO PÚBLICA,M,SIM
GO,GOIANIA,2659832,CENTRO DE REFERENCIA EM OFTALMOLOGIA UFG,ADMINISTRAÇÃO PÚBLICA,E,SIM
GO,GOIANIA,4302044,CENTRO DE SAUDE CHACARA DO GOVERNADOR,ADMINISTRAÇÃO PÚBLICA,M,SIM
GO,GOIANIA,2339277,CENTRO DE SAUDE CONJUNTO RIVIERA,ADMINISTRAÇÃO PÚBLICA,M,SIM
GO,GOIANIA,2506777,CENTRO DE SAUDE SETOR PERIM BENEDITO DOS SANTOS VIEIRA,ADMINISTRAÇÃO PÚBLICA,M,SIM
GO,GOIANIA,2338580,CENTRO DE SAUDE WALDOMIRO CRUZ,ADMINISTRAÇÃO PÚBLICA,M,SIM
GO,GOIANIA,5304539,CENTRO EST DO SIST INT DE ATEND AO TRAUMA E EMERGENCIA SIATE,ADMINISTRAÇÃO PÚBLICA,E,SIM
GO,GOIANIA,2506645,CENTRO ESTADUAL DE A AOS RADIOACIDENTADOS LEIDE DAS NEVES,ADMINISTRAÇÃO PÚBLICA,E,SIM
GO,GOIANIA,9127305,CENTRO ESTADUAL DE AVALIACAO TERAPEUTICA ALCOOL E DROGAS,ADMINISTRAÇÃO PÚBLICA,E,SIM
GO,GOIANIA,2336766,CENTRO ESTADUAL DE MEDICACAO DE ALTO CUSTO JUAREZ BARBOSA,ADMINISTRAÇÃO PÚBLICA,E,SIM
GO,GOIANIA,2339781,CENTRO ESTADUAL DE ODONTOLOGIA SEBASTIAO ALVES RIBEIRO COEG,ADMINISTRAÇÃO PÚBLICA,E,SIM
GO,GOIANIA,2664836,CENTRO ESTADUAL DE REF MED INTEGRATIVA E COMPLEMENTAR CREMIC,ADMINISTRAÇÃO PÚBLICA,E,SIM
GO,GOIANIA,2339692,CENTRO ESTADUAL ESPECIALIZADO EM SAUDE MENTAL INFANTOJUVENIL,ADMINISTRAÇÃO PÚBLICA,E,SIM
GO,GOIANIA,859346,CENTRO INTEGRADO DE PEDIATRIA,ADMINISTRAÇÃO PÚBLICA,M,SIM
GO,GOIANIA,7915047,CENTRO MUNICIPAL DE VACINACAO CMV,ADMINISTRAÇÃO PÚBLICA,M,SIM
GO,GOIANIA,6386342,CEO CANDIDA DE MORAIS,ADMINISTRAÇÃO PÚBLICA,M,SIM
GO,GOIANIA,693081,CEO JARDIM AMERICA,ADMINISTRAÇÃO PÚBLICA,M,SIM
GO,GOIANIA,6386377,CEO NOVO HORIZONTE,ADMINISTRAÇÃO PÚBLICA,M,SIM
GO,GOIANIA,6386385,CEO NOVO MUNDO,ADMINISTRAÇÃO PÚBLICA,M,SIM
GO,GOIANIA,6386369,CEO URIAS MAGALHAES,ADMINISTRAÇÃO PÚBLICA,M,SIM
GO,GOIANIA,6048196,CEREST CENTRO DE REFERENCIA A SAUDE DO TRABALHADOR GOIANIA,ADMINISTRAÇÃO PÚBLICA,M,SIM
GO,GOIANIA,7373767,CEREST ESTADUAL DE GOIAS,ADMINISTRAÇÃO PÚBLICA,E,SIM
GO,GOIANIA,2339412,CIAMS NOVO HORIZONTE,ADMINISTRAÇÃO PÚBLICA,M,SIM
GO,GOIANIA,2339633,CIAMS SETOR PEDRO LUDOVICO,ADMINISTRAÇÃO PÚBLICA,M,SIM
GO,GOIANIA,2338556,CIAMS URIAS MAGALHAES,ADMINISTRAÇÃO PÚBLICA,M,SIM
GO,GOIANIA,3503038,CMAC II CENTRAL DE MEDICAMENTOS DE ALTO CUSTO JUAREZ BARBOSA,ADMINISTRAÇÃO PÚBLICA,E,SIM
GO,GOIANIA,3339637,CMAC III CENTRAL DE MEDICAMENTO DE ALTO CUSTO JUAREZ BARBOSA,ADMINISTRAÇÃO PÚBLICA,E,SIM
GO,GOIANIA,4937996,COMPLEXO ONCOLOGICO DE REFERENCIA DO ESTADO DE GOIAS CORA,ADMINISTRAÇÃO PÚBLICA,E,SIM
GO,GOIANIA,7208332,COMPLEXO REGULADOR ESTADUAL CRE,ADMINISTRAÇÃO PÚBLICA,E,SIM
GO,GOIANIA,2339757,COMPLEXO REGULADOR MUNICIPAL DE GOIANIA,ADMINISTRAÇÃO PÚBLICA,M,SIM
GO,GOIANIA,6654495,CORPO DE BOMBEIROS MILITAR DO ESTADO DE GOIAS,ADMINISTRAÇÃO PÚBLICA,M,NÃO
GO,GOIANIA,3216896,CROF CENTRO DE REFERENCIA EM ORTOPEDIA E FISIOTERAPIA,ADMINISTRAÇÃO PÚBLICA,M,SIM
GO,GOIANIA,7381549,CS CAMPUS SAMAMBAIA,ADMINISTRAÇÃO PÚBLICA,M,SIM
GO,GOIANIA,2878496,CS CANDIDA DE MORAIS,ADMINISTRAÇÃO PÚBLICA,M,SIM
GO,GOIANIA,2339404,CS CIDADE JARDIM MICHELLE MUNIZ DO CARMO,ADMINISTRAÇÃO PÚBLICA,M,SIM
GO,GOIANIA,2338491,CS CRIMEIA LESTE,ADMINISTRAÇÃO PÚBLICA,M,SIM
GO,GOIANIA,2339293,CS DR AFONSO HONORATO DA SILVA E SOUZA AGUA BRANCA,ADMINISTRAÇÃO PÚBLICA,M,SIM
GO,GOIANIA,2506823,CS ESPLANADA DO ANICUNS,ADMINISTRAÇÃO PÚBLICA,M,SIM
GO,GOIANIA,2338521,CS FAMA,ADMINISTRAÇÃO PÚBLICA,M,SIM
GO,GOIANIA,4314204,CS FINSOCIAL,ADMINISTRAÇÃO PÚBLICA,M,SIM
GO,GOIANIA,505994,CS GOIA,ADMINISTRAÇÃO PÚBLICA,M,SIM
GO,GOIANIA,2339544,CS HORTENCIA MENDONCA VILA REDENCAO,ADMINISTRAÇÃO PÚBLICA,M,SIM
GO,GOIANIA,2506807,CS ISABEL MARIA DA SILVA VILA MARIA DILCE,ADMINISTRAÇÃO PÚBLICA,M,SIM
GO,GOIANIA,2338505,CS JARDIM BALNEARIO MEIA PONTE,ADMINISTRAÇÃO PÚBLICA,M,SIM
GO,GOIANIA,4313593,CS JARDIM NOVO MUNDO,ADMINISTRAÇÃO PÚBLICA,M,SIM
GO,GOIANIA,2339641,CS JOSE EGIDIO MARTINS VILA UNIAO,ADMINISTRAÇÃO PÚBLICA,M,SIM
GO,GOIANIA,2338572,CS MARINHO LEMOS NEGRAO DE LIMA,ADMINISTRAÇÃO PÚBLICA,M,SIM
GO,GOIANIA,2338483,CS NORTE FERROVIARIO,ADMINISTRAÇÃO PÚBLICA,M,SIM
GO,GOIANIA,2878453,CS NOVO HORIZONTE,ADMINISTRAÇÃO PÚBLICA,M,SIM
GO,GOIANIA,2339560,CS PARQUE AMAZONIA,ADMINISTRAÇÃO PÚBLICA,M,SIM
GO,GOIANIA,2339366,CS PARQUE ANHANGUERA,ADMINISTRAÇÃO PÚBLICA,M,SIM
GO,GOIANIA,2878437,CS PARQUE DAS AMENDOEIRAS,ADMINISTRAÇÃO PÚBLICA,M,SIM
GO,GOIANIA,2339390,CS PARQUE INDUSTRIAL JOAO BRAZ,ADMINISTRAÇÃO PÚBLICA,M,SIM
GO,GOIANIA,2339358,CS VILA BOA,ADMINISTRAÇÃO PÚBLICA,M,SIM
GO,GOIANIA,2339382,CS VILA CANAA,ADMINISTRAÇÃO PÚBLICA,M,SIM
GO,GOIANIA,2506653,CS VILA CLEMENTE,ADMINISTRAÇÃO PÚBLICA,M,SIM
GO,GOIANIA,2339374,CS VILA MAUA,ADMINISTRAÇÃO PÚBLICA,M,SIM
GO,GOIANIA,2339250,CS VILA MORAES,ADMINISTRAÇÃO PÚBLICA,M,SIM
GO,GOIANIA,506664,CS VILA NOVA,ADMINISTRAÇÃO PÚBLICA,M,SIM
GO,GOIANIA,6534317,CSF JARDIM COLORADO,ADMINISTRAÇÃO PÚBLICA,M,SIM
GO,GOIANIA,5475910,CSF JARDIM CURITIBA II,ADMINISTRAÇÃO PÚBLICA,M,SIM
GO,GOIANIA,2506408,CSF JARDIM CURITIBA III,ADMINISTRAÇÃO PÚBLICA,M,SIM
GO,GOIANIA,6514405,CSF RES ANA CLARA,ADMINISTRAÇÃO PÚBLICA,M,SIM
GO,GOIANIA,2506459,CSF TREMENDAO,ADMINISTRAÇÃO PÚBLICA,M,SIM
GO,GOIANIA,7762828,DEPARTAMENTO DE VIGILANCIA E CONTROLE DE ZOONOSES,ADMINISTRAÇÃO PÚBLICA,M,SIM
GO,GOIANIA,2665255,DEPARTAMENTO DE VIGILANCIA SANITARIA,ADMINISTRAÇÃO PÚBLICA,M,SIM
GO,GOIANIA,6464904,DISTRITO SANITARIO CAMPINAS CENTRO,ADMINISTRAÇÃO PÚBLICA,M,SIM
GO,GOIANIA,6457835,DISTRITO SANITARIO LESTE,ADMINISTRAÇÃO PÚBLICA,M,SIM
GO,GOIANIA,6458602,DISTRITO SANITARIO NOROESTE,ADMINISTRAÇÃO PÚBLICA,M,SIM
GO,GOIANIA,6464882,DISTRITO SANITARIO NORTE,ADMINISTRAÇÃO PÚBLICA,M,SIM
GO,GOIANIA,6459072,DISTRITO SANITARIO OESTE,ADMINISTRAÇÃO PÚBLICA,M,SIM
GO,GOIANIA,6459153,DISTRITO SANITARIO SUDOESTE,ADMINISTRAÇÃO PÚBLICA,M,SIM
GO,GOIANIA,6460216,DISTRITO SANITARIO SUL,ADMINISTRAÇÃO PÚBLICA,M,SIM
GO,GOIANIA,2904489,ESPACO TERAPEUTICO E BEM ESTAR DO SERVIDOR,ADMINISTRAÇÃO PÚBLICA,M,SIM
GO,GOIANIA,2338629,FACULDADE DE ODONTOLOGIA,ADMINISTRAÇÃO PÚBLICA,M,SIM
GO,GOIANIA,7762925,FARMACIA DE INSUMOS BASICOS E MEDICAMENTOS ESPECIAIS,ADMINISTRAÇÃO PÚBLICA,M,SIM
GO,GOIANIA,9142967,FARMACIA DISTRITAL OESTE,ADMINISTRAÇÃO PÚBLICA,M,SIM
GO,GOIANIA,3531988,FARMACIA POPULAR DO BRASIL GOIANIA,ADMINISTRAÇÃO PÚBLICA,M,NÃO
GO,GOIANIA,6842275,FEN UFG,ADMINISTRAÇÃO PÚBLICA,M,NÃO
GO,GOIANIA,2506467,FUNDACAO M F DA ACACIA GOIANA,ADMINISTRAÇÃO PÚBLICA,M,SIM
GO,GOIANIA,2339072,HEMOCENTRO COORD EST DE GOIAS PROF NION ALBERNAZ HEMOGO,ADMINISTRAÇÃO PÚBLICA,E,SIM
GO,GOIANIA,2338424,HOSPITAL DAS CLINICAS,ADMINISTRAÇÃO PÚBLICA,M,SIM
GO,GOIANIA,86126,HOSPITAL DE ENFRENTAMENTO AO CORONAVIRUS DE GOIANIA,ADMINISTRAÇÃO PÚBLICA,E,SIM
GO,GOIANIA,2338262,HOSPITAL DE URGENCIAS DE GOIAS DR VALDEMIRO CRUZ HUGO,ADMINISTRAÇÃO PÚBLICA,E,SIM
GO,GOIANIA,2506858,HOSPITAL E MATERNIDADE DONA IRIS,ADMINISTRAÇÃO PÚBLICA,M,SIM
GO,GOIANIA,965324,HOSPITAL ESTADUAL DA CRIANCA E DO ADOLESCENTE HECAD,ADMINISTRAÇÃO PÚBLICA,E,SIM
GO,GOIANIA,2339196,HOSPITAL ESTADUAL DA MULHER DR JURANDIR DO NASCIMENTO HEMU,ADMINISTRAÇÃO PÚBLICA,E,SIM
GO,GOIANIA,7743068,HOSPITAL ESTADUAL DE URGENCIAS GOV OTAVIO LAG SIQUEIRA HUGOL,ADMINISTRAÇÃO PÚBLICA,E,SIM
GO,GOIANIA,2653818,HOSPITAL ESTADUAL DERMATOLOGIA SANIT COLONIA STA MARTA HDS,ADMINISTRAÇÃO PÚBLICA,E,SIM
GO,GOIANIA,2506661,HOSPITAL ESTADUAL DOENCAS TROPICAIS DR ANUAR AUAD HDT,ADMINISTRAÇÃO PÚBLICA,E,SIM
GO,GOIANIA,2338734,HOSPITAL ESTADUAL DR ALBERTO RASSI HGG,ADMINISTRAÇÃO PÚBLICA,E,SIM
GO,GOIANIA,2339080,HOSPITAL ESTADUAL E MATERNIDADE N SRA DE LOURDES HEMNSL,ADMINISTRAÇÃO PÚBLICA,E,SIM
GO,GOIANIA,24074,HOSPITAL MUNICIPAL DA MULHER E MATERNIDADE CELIA CAMARA,ADMINISTRAÇÃO PÚBLICA,M,SIM
GO,GOIANIA,4073347,HOSPITAL VETERINARIO EVZ UFG,ADMINISTRAÇÃO PÚBLICA,M,NÃO
GO,GOIANIA,2659727,INSTITUTO DE PATOLOGIA TROPICAL E SAUDE PUBLICA,ADMINISTRAÇÃO PÚBLICA,M,SIM
GO,GOIANIA,7900538,LABORATORIO DE ANALISES CLINICAS E ENSINO EM SAUDE,ADMINISTRAÇÃO PÚBLICA,M,SIM
GO,GOIANIA,6856896,LABORATORIO DE MONITORAMENTO EXTERNO DE QUALIDADE LABMEQ,ADMINISTRAÇÃO PÚBLICA,M,SIM
GO,GOIANIA,2338343,LABORATORIO ESTADUAL DE SAUDE PUBLICA DR GIOVANNI CYSNEIRO,ADMINISTRAÇÃO PÚBLICA,E,SIM
GO,GOIANIA,262919,LABORATORIO FEDERAL DE DEFESA AGROPECUARIA GO,ADMINISTRAÇÃO PÚBLICA,M,NÃO
GO,GOIANIA,2337991,LABORATORIO ROMULO ROCHA,ADMINISTRAÇÃO PÚBLICA,M,SIM
GO,GOIANIA,2338564,MATERNIDADE NASCER CIDADAO,ADMINISTRAÇÃO PÚBLICA,M,SIM
GO,GOIANIA,2339625,MODULO ODONTOLOGICO I,ADMINISTRAÇÃO PÚBLICA,M,SIM
GO,GOIANIA,2506696,MODULO ODONTOLOGICO II,ADMINISTRAÇÃO PÚBLICA,M,SIM
GO,GOIANIA,2338513,MODULO ODONTOLOGICO III,ADMINISTRAÇÃO PÚBLICA,M,SIM
GO,GOIANIA,2338319,MODULO ODONTOLOGICO IV,ADMINISTRAÇÃO PÚBLICA,M,SIM
GO,GOIANIA,2518368,MODULO ODONTOLOGICO IX,ADMINISTRAÇÃO PÚBLICA,M,SIM
GO,GOIANIA,2506831,MODULO ODONTOLOGICO V,ADMINISTRAÇÃO PÚBLICA,M,SIM
GO,GOIANIA,2339617,MODULO ODONTOLOGICO VI,ADMINISTRAÇÃO PÚBLICA,M,SIM
GO,GOIANIA,2339595,MODULO ODONTOLOGICO VII,ADMINISTRAÇÃO PÚBLICA,M,SIM
GO,GOIANIA,2506343,MODULO ODONTOLOGICO VIII,ADMINISTRAÇÃO PÚBLICA,M,SIM
GO,GOIANIA,2339609,MODULO ODONTOLOGICO X,ADMINISTRAÇÃO PÚBLICA,M,SIM
GO,GOIANIA,784850,NUCLEO DE SAUDE TRIBUNAL REGIONAL DO TRABALHO DA 18 REGIAO,ADMINISTRAÇÃO PÚBLICA,M,NÃO
GO,GOIANIA,7004281,NUCLEO DE TLMS DA FM DA UFG,ADMINISTRAÇÃO PÚBLICA,M,SIM
GO,GOIANIA,9920072,OPO ORGANIZACAO DE PROCURA DE ORGAO GOIAS,ADMINISTRAÇÃO PÚBLICA,E,SIM
GO,GOIANIA,2339463,PRONTO SOCORRO PSIQUIATRICO PROFESSOR WASSILY CHUC,ADMINISTRAÇÃO PÚBLICA,M,SIM
GO,GOIANIA,2506351,PSF BAIRRO FLORESTA,ADMINISTRAÇÃO PÚBLICA,M,SIM
GO,GOIANIA,4610237,REABILITA,ADMINISTRAÇÃO PÚBLICA,M,SIM
GO,GOIANIA,478113,REDE CAPSI CATIVAR,ADMINISTRAÇÃO PÚBLICA,M,SIM
GO,GOIANIA,118192,REDE DE FRIO DO MUNICIPIO DE GOIANIA,ADMINISTRAÇÃO PÚBLICA,M,SIM
GO,GOIANIA,6482554,REGIONAL DE SAUDE CENTRAL GOIANIA,ADMINISTRAÇÃO PÚBLICA,E,SIM
GO,GOIANIA,7911157,REGIONAL DE SAUDE CENTRO SUL,ADMINISTRAÇÃO PÚBLICA,E,SIM
GO,GOIANIA,6945201,SAMU GOIANIA ML 01,ADMINISTRAÇÃO PÚBLICA,M,SIM
GO,GOIANIA,6945228,SAMU GOIANIA ML 02,ADMINISTRAÇÃO PÚBLICA,M,SIM
GO,GOIANIA,6945236,SAMU GOIANIA ML 03,ADMINISTRAÇÃO PÚBLICA,M,SIM
GO,GOIANIA,6945244,SAMU GOIANIA ML 04,ADMINISTRAÇÃO PÚBLICA,M,SIM
GO,GOIANIA,6945260,SAMU GOIANIA ML 05,ADMINISTRAÇÃO PÚBLICA,M,SIM
GO,GOIANIA,6945279,SAMU GOIANIA ML 06,ADMINISTRAÇÃO PÚBLICA,M,SIM
GO,GOIANIA,6945287,SAMU GOIANIA ML 07,ADMINISTRAÇÃO PÚBLICA,M,SIM
GO,GOIANIA,6945295,SAMU GOIANIA ML 08,ADMINISTRAÇÃO PÚBLICA,M,SIM
GO,GOIANIA,6945309,SAMU GOIANIA ML 09,ADMINISTRAÇÃO PÚBLICA,M,SIM
GO,GOIANIA,6945317,SAMU GOIANIA ML 10,ADMINISTRAÇÃO PÚBLICA,M,SIM
GO,GOIANIA,6945325,SAMU GOIANIA ML 11,ADMINISTRAÇÃO PÚBLICA,M,SIM
GO,GOIANIA,7036531,SAMU GOIANIA USA 01,ADMINISTRAÇÃO PÚBLICA,M,SIM
GO,GOIANIA,7036558,SAMU GOIANIA USA 02,ADMINISTRAÇÃO PÚBLICA,M,SIM
GO,GOIANIA,7036566,SAMU GOIANIA USA 03,ADMINISTRAÇÃO PÚBLICA,M,SIM
GO,GOIANIA,7036574,SAMU GOIANIA USA 04,ADMINISTRAÇÃO PÚBLICA,M,SIM
GO,GOIANIA,7036582,SAMU GOIANIA USB 01,ADMINISTRAÇÃO PÚBLICA,M,SIM
GO,GOIANIA,7036590,SAMU GOIANIA USB 02,ADMINISTRAÇÃO PÚBLICA,M,SIM
GO,GOIANIA,7036604,SAMU GOIANIA USB 03,ADMINISTRAÇÃO PÚBLICA,M,SIM
GO,GOIANIA,6944523,SAMU GOIANIA USB 04,ADMINISTRAÇÃO PÚBLICA,M,SIM
GO,GOIANIA,6945120,SAMU GOIANIA USB 05,ADMINISTRAÇÃO PÚBLICA,M,SIM
GO,GOIANIA,7036612,SAMU GOIANIA USB 06,ADMINISTRAÇÃO PÚBLICA,M,SIM
GO,GOIANIA,6945139,SAMU GOIANIA USB 07,ADMINISTRAÇÃO PÚBLICA,M,SIM
GO,GOIANIA,7036620,SAMU GOIANIA USB 08,ADMINISTRAÇÃO PÚBLICA,M,SIM
GO,GOIANIA,6945147,SAMU GOIANIA USB 09,ADMINISTRAÇÃO PÚBLICA,M,SIM
GO,GOIANIA,6945155,SAMU GOIANIA USB 10,ADMINISTRAÇÃO PÚBLICA,M,SIM
GO,GOIANIA,7036639,SAMU GOIANIA USB 11,ADMINISTRAÇÃO PÚBLICA,M,SIM
GO,GOIANIA,6945163,SAMU GOIANIA USB 12,ADMINISTRAÇÃO PÚBLICA,M,SIM
GO,GOIANIA,6945171,SAMU GOIANIA USB 13,ADMINISTRAÇÃO PÚBLICA,M,SIM
GO,GOIANIA,5161010,SAMU SERVICO DE ATENDIMENTO MOVEL DE URGENCIA DE GOIANIA,ADMINISTRAÇÃO PÚBLICA,M,SIM
GO,GOIANIA,6450091,SECRETARIA DE ESTADO DA SAUDE DE GOIAS,ADMINISTRAÇÃO PÚBLICA,E,SIM
GO,GOIANIA,6449409,SECRETARIA MUNICIPAL DE SAUDE DE GOIANIA,ADMINISTRAÇÃO PÚBLICA,M,SIM
GO,GOIANIA,4170431,SERVICO DE VERIFICACAO DE OBITOS,ADMINISTRAÇÃO PÚBLICA,M,SIM
GO,GOIANIA,4561457,SESMT,ADMINISTRAÇÃO PÚBLICA,M,SIM
GO,GOIANIA,5949335,SUVISA GOIAS,ADMINISTRAÇÃO PÚBLICA,E,SIM
GO,GOIANIA,7620047,UNIDADE MOVEL MULHER COM MAIS SAUDE,ADMINISTRAÇÃO PÚBLICA,E,SIM
GO,GOIANIA,2339528,UPA DR DOMINGOS VIGGIANO UPA JARDIM AMERICA,ADMINISTRAÇÃO PÚBLICA,M,SIM
GO,GOIANIA,7304188,UPA DR JOAO BATISTA DE SOUSA JUNIOR UPA ITAIPU,ADMINISTRAÇÃO PÚBLICA,M,SIM
GO,GOIANIA,2339471,UPA JARDIM GUANABARA,ADMINISTRAÇÃO PÚBLICA,M,SIM
GO,GOIANIA,2339315,UPA JARDIM NOVO MUNDO,ADMINISTRAÇÃO PÚBLICA,M,SIM
GO,GOIANIA,7821379,UPA MARIA PIRES PERILLO UPA NOROESTE,ADMINISTRAÇÃO PÚBLICA,M,SIM
GO,GOIANIA,2339552,UPA PAULO DE SIQUEIRA GARCIA CHACARA DO GOVERNADOR,ADMINISTRAÇÃO PÚBLICA,M,SIM
GO,GOIANIA,2506378,USF ALTO DO VALE,ADMINISTRAÇÃO PÚBLICA,M,SIM
GO,GOIANIA,2653907,USF ANDREIA CRISTINA,ADMINISTRAÇÃO PÚBLICA,M,SIM
GO,GOIANIA,7247214,USF ANTONIO CARLOS PIRES,ADMINISTRAÇÃO PÚBLICA,M,SIM
GO,GOIANIA,2506424,USF BAIRRO DA VITORIA,ADMINISTRAÇÃO PÚBLICA,M,SIM
GO,GOIANIA,3989607,USF BAIRRO GOIA,ADMINISTRAÇÃO PÚBLICA,M,SIM
GO,GOIANIA,3009882,USF BARRAVENTO,ADMINISTRAÇÃO PÚBLICA,M,SIM
GO,GOIANIA,2673967,USF BOA VISTA,ADMINISTRAÇÃO PÚBLICA,M,SIM
GO,GOIANIA,5886821,USF BRISAS DA MATA,ADMINISTRAÇÃO PÚBLICA,M,SIM
GO,GOIANIA,6634842,USF BUENA VISTA,ADMINISTRAÇÃO PÚBLICA,M,SIM
GO,GOIANIA,3009874,USF CACHOEIRA DOURADA,ADMINISTRAÇÃO PÚBLICA,M,SIM
GO,GOIANIA,2673940,USF CONDOMINIO DAS ESMERALDAS,ADMINISTRAÇÃO PÚBLICA,M,SIM
GO,GOIANIA,2506394,USF CONDOMINIO MORADA DO SOL,ADMINISTRAÇÃO PÚBLICA,M,SIM
GO,GOIANIA,5915066,USF CRIMEIA OESTE LUCAS FARIA DE SOUZA,ADMINISTRAÇÃO PÚBLICA,M,SIM
GO,GOIANIA,2653885,USF DISTRITO VILA RICA,ADMINISTRAÇÃO PÚBLICA,M,SIM
GO,GOIANIA,3989569,USF ELDORADO OESTE,ADMINISTRAÇÃO PÚBLICA,M,SIM
GO,GOIANIA,5919789,USF ELI FORTE,ADMINISTRAÇÃO PÚBLICA,M,SIM
GO,GOIANIA,2506386,USF ESTRELA DALVA,ADMINISTRAÇÃO PÚBLICA,M,SIM
GO,GOIANIA,2506335,USF FINSOCIAL,ADMINISTRAÇÃO PÚBLICA,M,SIM
GO,GOIANIA,2506718,USF GOIANIA VIVA,ADMINISTRAÇÃO PÚBLICA,M,SIM
GO,GOIANIA,5376564,USF GRAJAU,ADMINISTRAÇÃO PÚBLICA,M,SIM
GO,GOIANIA,2664739,USF ITATIAIA SANDRA FRANCA RIBEIRO XAVIER,ADMINISTRAÇÃO PÚBLICA,M,SIM
GO,GOIANIA,3989577,USF JARDIM ARITANA,ADMINISTRAÇÃO PÚBLICA,M,SIM
GO,GOIANIA,2506912,USF JARDIM CARAVELAS,ADMINISTRAÇÃO PÚBLICA,M,SIM
GO,GOIANIA,6469744,USF JARDIM CERRADO IV,ADMINISTRAÇÃO PÚBLICA,M,SIM
GO,GOIANIA,7011555,USF JARDIM CERRADO VI,ADMINISTRAÇÃO PÚBLICA,M,SIM
GO,GOIANIA,6823904,USF JARDIM CURITIBA I,ADMINISTRAÇÃO PÚBLICA,M,SIM
GO,GOIANIA,6949886,USF JARDIM DAS AROEIRAS,ADMINISTRAÇÃO PÚBLICA,M,SIM
GO,GOIANIA,5411696,USF JARDIM DOM FERNANDO,ADMINISTRAÇÃO PÚBLICA,M,SIM
GO,GOIANIA,2653869,USF JARDIM GUANABARA I,ADMINISTRAÇÃO PÚBLICA,M,SIM
GO,GOIANIA,6949231,USF JARDIM GUANABARA III,ADMINISTRAÇÃO PÚBLICA,M,SIM
GO,GOIANIA,2665247,USF JARDIM MARILIZA,ADMINISTRAÇÃO PÚBLICA,M,SIM
GO,GOIANIA,6056717,USF JARDIM MIRABEL,ADMINISTRAÇÃO PÚBLICA,M,SIM
GO,GOIANIA,2653834,USF JARDIM PRIMAVERA,ADMINISTRAÇÃO PÚBLICA,M,SIM
GO,GOIANIA,3402177,USF LESTE UNIVERSITARIO,ADMINISTRAÇÃO PÚBLICA,M,SIM
GO,GOIANIA,5915120,USF LUANA PARK,ADMINISTRAÇÃO PÚBLICA,M,SIM
GO,GOIANIA,3373681,USF MADRE GERMANA,ADMINISTRAÇÃO PÚBLICA,M,SIM
GO,GOIANIA,2653877,USF MORADA VALE DOS SONHOS,ADMINISTRAÇÃO PÚBLICA,M,SIM
GO,GOIANIA,2506742,USF NOVO PLANALTO,ADMINISTRAÇÃO PÚBLICA,M,SIM
GO,GOIANIA,2665239,USF PARQUE ATHENEU,ADMINISTRAÇÃO PÚBLICA,M,SIM
GO,GOIANIA,2506793,USF PARQUE DOS BURITIS,ADMINISTRAÇÃO PÚBLICA,M,SIM
GO,GOIANIA,3238458,USF PARQUE SANTA RITA,ADMINISTRAÇÃO PÚBLICA,M,SIM
GO,GOIANIA,2653850,USF RECANTO DAS MINAS GERAIS MILITAO R DE ARAUJO,ADMINISTRAÇÃO PÚBLICA,M,SIM
GO,GOIANIA,6297587,USF RESIDENCIAL REAL CONQUISTA,ADMINISTRAÇÃO PÚBLICA,M,SIM
GO,GOIANIA,5277930,USF RESIDENCIAL YTAPUA,ADMINISTRAÇÃO PÚBLICA,M,SIM
GO,GOIANIA,2339269,USF RIVIERA,ADMINISTRAÇÃO PÚBLICA,M,SIM
GO,GOIANIA,5417457,USF SANTO HILARIO,ADMINISTRAÇÃO PÚBLICA,M,SIM
GO,GOIANIA,2506416,USF SAO CARLOS CRISTIANO ARAUJO,ADMINISTRAÇÃO PÚBLICA,M,SIM
GO,GOIANIA,2506785,USF SAO FRANCISCO,ADMINISTRAÇÃO PÚBLICA,M,SIM
GO,GOIANIA,2339455,USF SAO JUDAS TADEU,ADMINISTRAÇÃO PÚBLICA,M,SIM
GO,GOIANIA,2673959,USF VALERIA APARECIDA MARTINS DA SILVA GARAVELO B,ADMINISTRAÇÃO PÚBLICA,M,SIM
GO,GOIANIA,2339420,USF VERA CRUZ I,ADMINISTRAÇÃO PÚBLICA,M,SIM
GO,GOIANIA,2339439,USF VERA CRUZ II,ADMINISTRAÇÃO PÚBLICA,M,SIM
GO,GOIANIA,3009890,USF VF18,ADMINISTRAÇÃO PÚBLICA,M,SIM
GO,GOIANIA,2506874,USF VILA MUTIRAO,ADMINISTRAÇÃO PÚBLICA,M,SIM
GO,GOIANIA,2653893,USF VILA PEDROSO,ADMINISTRAÇÃO PÚBLICA,M,SIM
GO,GOIANIA,2339331,USF VILA REGINA,ADMINISTRAÇÃO PÚBLICA,M,SIM
GO,GOIANIA,2338548,USF VILA SANTA HELENA,ADMINISTRAÇÃO PÚBLICA,M,SIM
GO,GOIANIA,2653842,USF VILLE DE FRANCE,ADMINISTRAÇÃO PÚBLICA,M,SIM
GO,GOIANIA,2506939,USF WALDOMIRO CRUZ RESIDENCIAL ITAIPU,ADMINISTRAÇÃO PÚBLICA,M,SIM